voltage,current,frequency,power
192.5677905,4.271916625,50.26010962,822.6335456
207.3372279,3.15495704,49.9130858,654.1400469
223.6850828,3.289786539,50.0458128,735.8761744
216.5096405,4.034111084,49.9805041,873.4239405
236.6724725,5.96721725,49.78760794,1412.27606
207.4439384,3.635919996,49.87924259,754.2495638
215.5784085,3.093514661,49.95995545,666.8949673
221.8891912,5.346726952,50.04074815,1186.380919
230.9727908,3.393433863,49.88688075,783.7908898
214.4595795,7.522463918,50.02271801,1613.264449
219.3932111,5.616154522,50.11617658,1232.146175
214.6652129,6.713343937,49.99519213,1441.121405
217.7495974,4.073899585,50.03082574,887.0899944
223.4534989,3.602238345,49.92404241,804.9327622
226.0273099,6.283205072,49.89654301,1420.17594
215.5244047,4.576828191,49.95896926,986.4181712
221.7560458,6.095437756,49.94551782,1351.700174
211.8808318,3.976531616,49.77223835,842.5508267
235.1174544,6.272788248,49.90799188,1474.842005
231.998708,4.194275182,49.92532935,973.0664231
222.9187777,4.531583149,50.01132671,1010.174977
216.367567,5.447191128,49.88398694,1178.595491
217.9329414,5.287623858,49.95133518,1152.34742
222.0331957,4.700011031,50.03399066,1043.558469
231.5768559,7.00987754,49.96037159,1623.325401
230.1023969,6.244128599,50.21870217,1436.788957
232.2416434,3.473154599,49.89461228,806.6111318
225.7868522,4.918186477,49.90614925,1110.461843
220.8746361,4.130396665,49.81848013,912.2998605
220.4559081,5.340954132,49.8865114,1177.444893
223.2561989,4.822483532,49.67283724,1076.649343
209.3809676,5.29796166,49.98433508,1109.292339
209.7642285,6.282747727,49.98209128,1317.89573
196.2996159,4.654629769,50.05151849,913.702036
236.4845648,4.90775755,49.83259541,1160.608908
227.9166593,4.637937031,49.9415313,1057.063114
235.5029903,5.164858594,49.97484074,1216.339643
212.5964707,6.061179943,49.9273935,1288.585464
215.958132,5.361689326,50.02492016,1157.900411
227.118612,4.08906358,50.13972788,928.7024445
232.5970261,5.336243047,50.11920233,1241.194263
229.6309529,3.689120916,49.90289599,847.1363515
209.6627968,6.829509107,50.03348043,1431.89398
222.4973516,4.09305382,49.91278825,910.693635
221.1558364,7.156898183,49.967263,1582.789804
206.4850309,4.713449123,50.0761284,973.256688
226.037469,5.397570748,49.9544269,1220.053231
218.0802718,3.54309323,50.01979008,772.6787344
238.6565596,5.84051271,50.09170065,1393.87667
214.7366108,4.271776885,49.75870195,917.3068903
212.7005429,4.544212097,49.87655278,966.5563802
220.8361566,5.564881335,49.87402263,1228.927006
226.2407864,6.083780552,49.98364258,1376.399296
228.2932267,4.117224708,49.9193575,939.9345137
208.0296924,4.441040521,49.85760166,923.8682934
216.3144695,5.834538413,50.14540947,1262.095081
209.8284717,6.339771455,50.11202989,1330.264555
215.2729671,5.915041518,49.88438477,1273.348538
217.7092931,5.829305756,49.98689224,1269.094036
205.4596952,4.335880694,50.02267956,890.8487256
208.8424191,5.47364926,50.08167663,1143.130153
229.028017,4.603744317,49.8927682,1054.386432
219.8655167,5.410294305,49.9485915,1189.537153
217.8440938,4.117923493,50.15439744,897.0653118
221.9351526,4.224733592,50.00433619,937.6168943
219.5523528,2.477637121,50.14677373,543.9710594
227.7604345,4.079836903,49.91724079,929.2254258
223.337365,6.320110358,50.18829536,1411.516794
223.7749185,4.455800471,50.1396178,997.0963872
226.1058265,5.969786731,50.00134394,1349.803563
220.7473308,5.066082636,50.18761931,1118.324219
206.8666726,5.264564669,50.06574009,1089.062976
194.1322716,4.791381422,50.12678759,930.1617593
217.4861188,4.792870127,50.13325847,1042.382722
214.1345853,6.568152146,50.08585176,1406.468536
221.0072224,4.250906914,50.05850284,939.4811299
222.7858237,4.744811187,49.76304694,1057.076668
233.5317025,6.378486647,49.93605758,1489.578846
220.4214235,4.8781942,49.9811278,1075.25851
217.8010982,4.491792279,50.09143658,978.3172911
218.6608294,4.731345982,50.02037258,1034.560037
201.0240771,8.17912694,49.99547843,1644.201445
238.8765536,3.8723646,50.02578675,925.0171097
211.8825474,5.889021076,49.87943332,1247.780787
205.8099359,5.123673476,50.00871826,1054.502909
247.1802405,4.813278971,50.09346788,1189.747454
213.063209,4.1197707,50.08662165,877.7715655
212.3585728,3.95023791,49.88334763,838.866885
231.8501907,4.623588434,49.97069785,1071.97986
231.7221919,6.509998568,49.86312136,1508.511138
230.1516838,4.903380009,50.12233315,1128.521165
217.3550666,4.616124866,49.93307767,1003.338128
221.863174,3.025437929,49.94296403,671.2332618
217.741766,6.4088202,49.88727102,1395.467829
210.7219134,4.537055956,50.11088831,956.0571123
231.4920962,4.742544101,49.93201484,1097.861475
220.2882224,6.157864623,50.07899353,1356.505051
222.137694,5.289378848,49.86948492,1174.97042
210.9678092,3.953426292,50.07191067,834.0456838
237.360204,3.65914751,50.04402318,868.5359994
238.0741792,5.95466253,49.90294213,1417.651394
217.2479416,5.239336158,49.91041191,1138.234996
213.5528302,6.340858936,50.06835032,1354.108372
222.2018679,5.656087565,49.81022782,1256.793222
220.1647062,4.246919706,50.11535335,935.0218295
207.8370997,6.036202839,50.13437247,1254.546891
216.2789751,5.355298133,49.99447873,1158.238392
235.021464,4.414548063,50.14427997,1037.513549
217.3394873,6.158772763,50.04188133,1338.544515
209.202979,3.701175125,50.07143321,774.296862
232.9037963,5.596912171,50.03373385,1303.542092
215.0777367,4.991383397,50.12480283,1073.535444
214.8915227,5.139391135,50.01754029,1104.411587
223.8024861,5.200965173,50.04947942,1163.988936
209.4563948,5.190539488,49.92293271,1087.191688
192.0896262,5.67128316,50.08315898,1089.394662
222.8887285,4.961335358,49.73157214,1105.82573
230.8256875,4.935060333,50.02634283,1139.138694
208.3068309,5.138193682,50.00601033,1070.320843
233.021981,5.293609558,50.04341535,1233.527386
217.8265841,4.804390244,49.85886658,1046.523916
233.2805242,5.892605072,50.0084407,1374.63
223.329408,4.405099627,50.04279614,983.788292
225.4084476,4.636750127,49.89628478,1045.162648
219.638704,3.710896283,49.94407648,815.0564501
206.3541762,5.806823158,49.9473832,1198.262209
222.2078639,5.951214831,49.86156424,1322.406735
225.1241831,4.229127807,50.13636117,952.0789426
214.6415142,3.360978568,50.08631398,721.4055289
220.4729034,6.054670106,49.95112692,1334.890698
223.0913487,4.02382617,50.02116657,897.6808072
218.7853594,3.377791449,50.05568237,739.0113161
231.31795,5.398145986,49.93305727,1248.688063
215.6654556,5.933383853,50.13210943,1279.625932
212.7827278,4.688164329,50.03291647,997.5603942
226.1281783,4.401240706,49.88215637,995.2445432
242.0663091,5.912791704,49.87684741,1431.287664
224.8663174,5.83739164,49.92413533,1312.632761
222.7812511,2.974087421,50.05340709,662.5709167
221.3061371,3.350555562,49.85182527,741.4985088
210.7393751,7.389063221,50.159751,1557.166566
234.6787281,6.627523758,49.90406936,1555.338846
215.0263888,3.907741176,50.05274715,840.2674734
214.5353303,4.353365764,50.08138553,933.9507621
214.2371014,4.71182523,49.96649614,1009.447779
224.803831,4.698531695,49.87310858,1056.247925
215.2542222,3.438133156,49.91104454,740.0726782
211.9154448,3.309878505,50.11570659,701.4143756
225.1174642,4.463987257,50.0244225,1004.921491
225.3239179,5.378745339,50.06360513,1211.959973
213.0488154,5.087712334,50.03758899,1083.931086
210.1818526,6.863662426,50.03678311,1442.617284
220.6821148,5.162131933,50.15128416,1139.190192
213.6577302,4.223980058,50.03269941,902.4859916
215.0277965,4.662621289,50.16270097,1002.593182
213.6586115,4.301008479,49.85734785,918.9474998
258.5313235,5.402165511,50.08899971,1396.628999
208.5856847,4.767145116,49.93461649,994.3582282
230.2713333,6.452763255,50.02307097,1485.886398
223.920538,5.103215124,49.92429735,1142.714676
214.1130551,5.602783433,50.04076593,1199.629078
220.4114478,3.430588605,49.96187183,756.1410013
215.1262166,4.948572332,50.05533758,1064.567643
230.3327612,4.609396515,49.91277809,1061.695026
199.8769037,5.876513871,50.09073021,1174.579397
220.4489532,5.51208033,50.11582271,1215.132339
222.3141755,3.999498729,50.07286653,889.1452622
231.7553147,3.682541371,50.08690974,853.4485342
222.6207933,6.61347093,49.93332235,1472.296145
209.5834849,5.717553152,50.00144588,1198.304715
222.7439669,4.599664991,50.16932265,1024.547626
211.0326563,5.520551087,49.91337144,1165.01656
219.3438808,3.794824613,50.02475742,832.3715574
239.0268666,3.949415789,50.05876069,944.016481
209.5708404,5.495334479,50.03952094,1151.661865
216.0965857,6.876970113,50.09744787,1486.089761
208.8808282,6.240501373,50.1470543,1303.521095
231.6353089,4.826486868,50.0231431,1117.984777
210.8686115,3.37464,49.94509147,711.6056512
223.2440707,5.391060048,50.10654796,1203.522191
206.4441197,4.075496121,49.87705554,841.3622089
222.8779835,5.16842889,49.7871381,1151.929009
220.0198939,6.415468594,50.04984929,1411.530719
219.9113311,4.586097635,50.01205552,1008.534835
220.6098828,5.473507467,49.94121324,1207.509841
216.6034593,5.701259084,50.08479856,1234.91244
216.7130819,5.726834376,50.06708649,1241.079927
236.1706719,5.349248345,49.96366225,1263.335576
242.0460185,2.914289278,50.02244182,705.3921166
216.0284812,4.392313414,49.9420074,948.8647959
221.6370912,4.976890296,49.91828545,1103.063488
214.8692698,4.661231073,50.1391319,1001.555317
207.4717503,5.276119725,49.79388328,1094.645794
226.4390841,3.708565034,50.01261837,839.7640696
205.8947911,2.988754037,50.13901727,615.3688883
238.1099781,2.985733105,49.88876231,710.9328442
211.4065364,4.368138713,49.93038598,923.4530757
218.6996134,4.732472718,49.77982704,1034.989954
211.3939459,5.492736648,50.07284498,1161.131274
234.8234755,6.93690204,50.07665826,1628.947446
225.4248251,3.820765195,49.90965972,861.295326
217.8432612,5.522277473,49.87924882,1202.990934
227.6498976,3.813698827,49.86653588,868.1881475
227.3929566,4.785384571,49.96399515,1088.162746
226.3639036,5.483025302,49.99459823,1241.159011
242.4697109,3.826528289,49.72565831,927.8172081
227.5623914,3.370730534,50.02231237,767.0515011
222.260648,4.205134336,49.88710595,934.6358825
219.4513567,5.037326285,49.8172958,1105.448087
215.8451689,4.57353801,50.06455225,987.1760843
215.2296747,4.99161845,49.81569345,1074.344415
210.2097,4.5755006,49.84691068,961.8146085
201.2986723,5.262622355,50.01492135,1059.358893
232.1777032,4.920819553,50.01223854,1142.504582
211.915919,5.752837313,50.05456382,1219.117806
230.5226983,2.918368384,49.88854354,672.7501544
231.1465163,4.98411877,49.85037273,1152.06169
210.6735152,5.520674838,49.88926917,1163.059975
216.3895172,4.098545492,49.89558169,886.8822804
202.0680626,5.547642764,50.04915374,1121.001425
197.1579954,2.869013287,50.02190922,565.6489082
235.4081499,5.485990592,49.9284388,1291.446896
219.7949886,3.769048876,49.89838432,828.4180546
229.3604742,3.777539221,49.87567862,866.4181869
213.4740124,4.186769396,49.89418884,893.7664618
218.6810777,4.062535545,49.96435682,888.399651
218.8796524,4.791172156,50.23781374,1048.690096
204.391778,4.618565042,50.0260694,943.9967207
210.2872159,5.324353451,49.97187365,1119.643464
219.9312489,4.849790131,50.06977181,1066.620401
215.9583086,7.018461023,49.86851455,1515.694971
209.1569977,5.249323387,50.07027078,1097.93272
215.5462289,3.127162098,50.04145067,674.0479973
214.384537,5.034921034,49.82594207,1079.409215
215.1154521,4.555600802,49.93177541,979.9801262
225.3407973,5.830124494,50.0088314,1313.764902
225.6156782,4.098907578,49.91493862,924.777813
212.1765462,4.02576811,50.02779041,854.1735733
223.4444277,6.21388604,50.11479665,1388.45821
224.2274765,3.51483987,49.93240464,788.1236744
217.8679101,3.391380497,50.02953352,738.8729814
225.4874176,4.366796473,49.97911612,984.6576596
222.4910347,4.809371084,50.01942871,1070.041949
218.6962604,6.216761151,49.95532627,1359.582416
203.4975443,5.611861691,50.03458797,1142.000073
217.946606,5.129490641,49.73672662,1117.955076
213.1017795,4.951234292,50.05887176,1055.116838
239.6998957,4.393260069,49.91900453,1053.06398
218.5136382,2.58128729,49.90023957,564.046477
227.4336334,4.414313663,49.99652964,1003.963396
208.9675504,5.52786954,50.03145598,1155.145357
197.7651583,6.491535455,50.12443336,1283.799537
221.3294527,4.770245337,50.01436523,1055.79579
230.7616535,4.682301796,49.83688482,1080.495705
213.9380526,5.277015189,50.01998936,1128.954353
227.1030415,3.859750306,49.95654459,876.5610339
226.5390014,4.652936731,49.85469329,1054.071641
222.4628223,4.594846902,50.0709091,1022.18261
210.8807761,7.320148759,49.99798312,1543.678651
214.8358058,4.482691052,50.07184569,963.0425443
228.1484073,4.697178146,49.98881319,1071.653713
201.4647444,4.654018261,50.02320291,937.6205993
204.8773344,5.773955065,49.9218333,1182.952523
225.9948361,5.669376432,50.06504758,1281.249797
218.9107772,4.65712151,50.13253919,1019.494089
227.5126863,5.071514311,50.03054751,1153.833844
222.9747366,3.625221966,50.07306527,808.3329133
210.2256646,5.55934975,49.87478049,1168.717996
220.3066317,4.769457434,50.05989605,1050.743102
202.0515649,4.878848742,49.94958746,985.7790232
208.6753346,5.290876229,49.88028418,1104.075368
210.3312926,3.822034273,49.95676897,803.8934088
226.3016828,3.539413049,49.88077226,800.975129
223.270955,5.143340317,49.72444835,1148.358505
213.9130129,3.381659114,49.94117847,723.3808897
216.2745297,6.06100499,50.04857078,1310.841004
212.8349763,5.585177655,50.0124484,1188.721154
224.7701618,6.021553512,49.94346136,1353.465557
221.4547356,5.227141395,50.02973987,1157.575216
220.9156171,6.758534958,49.95884428,1493.065921
226.0435325,3.687336858,50.20415857,833.4986491
205.3691061,5.578069189,49.76401459,1145.563083
221.3173055,5.607862121,49.99226208,1241.116935
220.5186559,5.64897954,49.98135818,1245.705375
220.5198228,4.969246177,49.99231529,1095.817286
214.4932397,6.916595446,50.15595053,1483.562965
222.8524136,6.449824626,50.00223801,1437.358985
215.7586722,7.579937294,49.96814722,1635.437206
212.2280243,4.856221252,49.9983321,1030.626242
224.7421154,6.405110707,49.93643006,1439.49813
218.2142284,3.743467612,49.99615817,816.8778963
215.3851482,4.587348093,50.2052819,988.0466491
230.6383468,7.376577177,49.78363138,1701.321565
208.8119507,5.019417012,50.18619917,1048.114258
214.3103679,4.432352324,49.9424568,949.8990571
215.2350969,6.822103181,50.03136488,1468.356039
213.2110398,2.529954389,50.05163268,539.4142058
208.2123802,5.549216263,50.06554301,1155.415527
222.8086686,4.367415808,50.01786809,973.0981013
243.8326222,5.369829993,49.89393324,1309.339728
207.7724603,5.795166606,50.05626099,1204.076024
214.1069589,5.219309444,50.11132173,1117.490473
215.1976044,5.867004623,50.04534475,1262.56534
223.1452201,3.085312795,49.99610315,688.4728028
218.9003312,4.659783668,49.72637623,1020.028188
215.373895,6.862290693,50.06857058,1477.958276
214.3925888,4.283540029,49.96463068,918.3592362
219.7931665,4.336627249,49.87710892,953.1610349
213.9473533,5.49425447,50.06727977,1175.481202
220.5788334,4.423350106,50.14840192,975.6974062
241.4937886,4.713036812,49.99701115,1138.169116
230.7537318,4.718194755,50.00135932,1088.741047
235.981044,3.199949204,49.98812703,755.1273539
225.2500808,3.174088928,49.91071665,714.9637874
206.484051,3.926673017,50.15097246,810.7953515
220.3726975,4.654154877,50.067576,1025.648665
209.6845842,4.917137136,50.07376485,1031.047856
205.7549458,4.728082298,49.93079576,972.8263171
226.40842,4.601448194,50.02679507,1041.806615
205.4249504,4.000520503,49.97948426,821.806726
215.4993454,4.17054418,49.85553063,898.7495409
209.4779498,5.892707668,49.99729968,1234.392321
213.8006577,5.713304911,50.0088532,1221.508347
223.9162858,5.178204515,50.18902543,1159.484322
212.2204744,4.940577954,50.05439226,1048.491797
239.1115821,4.551755101,49.91485312,1088.377364
227.8435391,4.340077843,50.05052779,988.8586959
234.6947005,2.807749735,50.09368143,658.9639832
219.4801435,4.352066395,50.02762678,955.192157
207.609977,6.189597205,49.962473,1285.022133
212.3612889,4.470264051,49.98176664,949.3110357
222.7869286,4.803005676,49.8786912,1070.046883
212.49214,4.23444306,49.89918885,899.7858678
211.8707734,3.279146402,50.0555109,694.7552844
220.2062353,4.442711418,49.9650359,978.3127561
218.2436312,5.220822758,50.11724726,1139.411316
219.3381245,4.001897988,50.05301208,877.7687991
215.0336877,4.831939359,50.1508857,1039.029739
202.5561119,4.677844139,50.04378873,947.5259207
231.5687938,4.67340356,49.91994469,1082.214425
221.9428698,5.283824578,50.21097445,1172.70719
211.3810679,3.614316816,49.94989121,763.9981482
207.2251208,4.90335649,49.99014201,1016.098641
225.8682682,6.06520387,49.88821794,1369.937095
191.8887106,5.67176025,49.88855815,1088.346761
218.5345491,5.456674298,50.0395492,1192.471857
227.0118855,3.78447127,50.02720557,859.1199585
209.1026234,5.549820877,49.95068825,1160.482105
201.078915,5.071483052,50.07263806,1019.76831
218.7751551,4.049276642,49.90502124,885.8811255
204.467827,6.994855617,49.88052503,1430.222928
218.0513705,6.004823678,49.87769497,1309.360033
199.2702636,4.580478729,50.04871597,912.7532038
225.086583,4.913885761,49.87026369,1106.049755
218.2366975,4.873856713,49.96178872,1063.654393
218.5206498,4.785204406,50.18678557,1045.665976
207.0880002,3.821748426,49.83689123,791.4382389
226.0613572,3.061899034,50.096614,692.1770512
209.7461862,5.114035593,49.84632601,1072.649462
224.669172,6.038429207,50.08230444,1356.64889
215.3747178,5.358279133,49.87513203,1154.037856
216.6297035,5.28383353,50.01506504,1144.635291
234.5913417,5.397148173,50.11907215,1266.124231
230.3347147,5.427011974,50.05026559,1250.029255
217.570966,5.205344761,50.00380037,1132.531888
221.3407714,5.129522675,49.94880266,1135.372506
227.1564091,5.54273262,49.85863868,1259.067239
226.46012,4.833802476,50.0869518,1094.663489
213.7280523,6.193342083,49.99918304,1323.690941
213.3149369,6.059800193,49.9709596,1292.645896
211.4721074,4.031237921,49.78015758,852.4943786
218.2611838,4.78600208,49.98059933,1044.59848
231.3683727,4.675306835,50.11165429,1081.718134
224.6996162,5.116340696,50.00764302,1149.639791
217.5595798,5.559620591,50.02051975,1209.548719
205.0295648,5.588824162,50.01840041,1145.874186
233.6454196,5.501506255,50.22006102,1285.401738
217.6601588,5.960135772,49.96898876,1297.284099
207.3745444,7.513281803,50.00954629,1558.063391
203.6011664,6.431583723,49.98194806,1309.477948
226.5017038,4.962176235,50.0624519,1123.941372
214.3119127,3.95487205,50.0491488,847.5761936
205.5129365,5.082629458,49.84139313,1044.546105
217.9558543,5.693853651,50.01394849,1241.008736
222.9521063,6.450926672,49.952339,1438.247689
228.5845928,4.77214487,49.91860868,1090.838792
206.7319455,5.893517048,49.8349299,1218.378245
214.2067755,2.36578711,50.03084457,506.7676285
209.4458146,5.633676458,49.92327025,1179.949955
224.6258145,4.747647889,50.01256533,1066.444274
207.2661934,4.788506559,50.11070125,992.4955264
219.4938995,6.798220402,50.0754864,1492.167906
200.9772173,6.945197795,50.10191241,1395.826526
209.2762396,5.06726855,50.12698627,1060.458907
219.3461772,3.833109517,49.9998875,840.7779193
220.8024388,3.993432552,49.76721343,881.7596466
226.8352983,6.415260982,50.07420038,1455.207639
209.5732,4.218376179,49.93889574,884.0585945
212.4708549,5.040672386,49.95558514,1070.995971
221.5310311,3.978931969,50.05922173,881.4569018
235.4698691,5.05223828,50.1065109,1189.649886
228.567676,4.860176316,50.03617787,1110.879206
223.7574945,4.427041808,49.9949454,990.5837831
221.1938183,4.622207247,49.78943931,1022.40367
215.0039083,6.271812576,49.99900584,1348.464216
224.980791,4.611676149,49.89648861,1037.538548
207.5197238,4.307607125,49.97479375,893.9134408
234.007826,3.223657685,50.1114275,754.3611268
204.6005582,3.834290813,50.13435941,784.4980407
212.8858992,5.769378774,50.01441961,1228.219388
219.2991791,5.209694361,49.92544833,1142.481697
201.860896,4.494973131,49.99937689,907.3593037
228.3587763,3.410173036,50.13363001,778.7429417
213.2230004,5.018786724,50.16555116,1070.120764
220.3541804,4.677302218,49.94702632,1030.663097
220.7939279,5.235664869,50.05302598,1156.003012
223.674633,5.999542171,49.98439456,1341.945393
213.9178073,4.221861136,50.00246889,903.131277
214.1894992,5.657218934,50.10775259,1211.71689
215.9881307,2.5980326,50.02530244,561.1442048
222.443296,3.945540519,50.08597372,877.6590376
213.1846961,4.795649125,49.92985333,1022.359001
218.6079526,4.459478232,50.05200356,974.877406
210.1510943,3.656861762,49.95199243,768.493501
212.6673295,5.533534852,50.01372424,1176.802079
222.6387398,4.226001429,49.87597599,940.8716325
242.9812741,5.741903231,49.99323614,1395.174963
214.0066173,4.073179842,50.06074896,871.6874396
212.7090638,5.290982025,50.15222291,1125.439833
227.0095624,5.261319364,49.97120456,1194.369807
221.6542662,3.813229618,50.14134967,845.2186128
219.5344515,4.738332671,50.00828094,1040.227264
228.5378198,4.055242987,49.94232173,926.7763909
238.8292388,4.736323256,50.068023,1131.172478
206.4229099,5.305215166,49.8467908,1095.117952
223.8326463,5.518779158,49.81235491,1235.282943
209.1543571,3.916775198,49.89458215,819.2105985
210.2360355,5.675485624,49.95511791,1193.191597
213.8992825,4.472633215,50.05925485,956.6930357
209.3629157,5.073961638,49.69345526,1062.299403
232.1860857,3.002251033,49.94863866,697.0809156
229.9891186,4.861616308,50.135903,1118.118849
219.2389606,5.3236413,50.12288106,1167.149585
224.0780739,6.156670755,50.03732785,1379.574925
220.4066466,4.659824782,50.08797774,1027.056354
220.8478423,5.802551984,49.9941655,1281.481085
227.1022616,4.522482666,50.00503662,1027.066041
222.4755519,3.665694683,50.1567905,815.5274476
204.3434074,4.067492387,49.99250248,831.1652537
199.0435669,5.993333125,50.10158359,1192.934403
209.1683123,3.234796924,50.0496054,676.6170134
222.3650046,3.324579917,49.99984675,739.2702285
222.8094417,3.652219229,49.86450724,813.7489275
226.3825027,5.485891097,49.97306832,1241.909756
213.8816807,3.958307162,50.10982671,846.6093884
204.7079652,5.201092522,49.8193815,1064.705067
206.870967,4.562035857,50.04245785,943.7527693
219.2843299,5.545194843,50.09258828,1215.974335
216.3988079,5.983562889,49.92064854,1294.835876
226.0674895,4.295197977,50.0634797,971.0046236
240.5009525,5.749688019,50.14057721,1382.805445
226.5931603,5.100358416,50.08056991,1155.706332
223.2496705,5.19905012,49.82870002,1160.686226
218.8196632,6.275039765,49.96796259,1373.102088
228.9443438,3.578845309,49.85140145,819.356391
208.7946556,4.347655175,50.1737001,907.7671649
240.6797724,5.119152967,49.86035585,1232.076571
218.9291014,6.496362462,49.96142398,1422.242796
224.2538295,5.566231929,50.14615874,1248.248826
210.6609293,4.427054986,50.16469009,932.6075176
223.4229885,6.031292714,49.94387571,1347.529442
229.116144,5.476161033,50.09950264,1254.6769
225.6273805,4.701530779,49.94714421,1060.794074
220.0230622,5.170910365,50.01821145,1137.719533
218.7019138,6.473815411,49.99902033,1415.83582
207.6915567,5.818749567,50.08544324,1208.505156
244.8474059,5.464636707,49.82576732,1338.002122
223.3535528,4.285088973,50.049111,957.0898464
234.0795535,5.366895543,50.02106926,1256.280513
194.5783549,6.645131035,49.88544428,1292.998665
216.5762062,5.954091211,49.87020416,1289.514486
218.5611861,4.604498679,49.857724,1006.364693
223.505842,4.497028805,49.81087129,1005.11221
229.0635258,4.823116035,50.06356051,1104.799964
218.0340839,3.966605978,50.06023396,864.8553007
209.3212301,4.666813117,49.96916499,976.8630624
213.522258,6.866299163,50.34714492,1466.107701
204.2753137,7.153266965,50.03369847,1461.235853
208.6490854,6.940461986,50.03016243,1448.121046
222.298243,4.883360434,49.84166192,1085.562444
213.9801433,4.685302407,49.83280526,1002.56168
205.9694633,4.033405687,49.91924486,830.7584046
219.4037011,5.741416045,50.06658171,1259.68793
222.8154978,5.660805858,49.88483469,1261.315275
216.8845389,4.538641699,50.15344057,984.3612123
223.2563102,3.55854548,50.08801899,794.4677337
232.064594,5.299955796,49.93017155,1229.93209
199.9707545,4.412384341,49.96977306,882.347826
220.3151312,4.876714419,49.80293571,1074.413977
213.1540089,3.228473325,49.91743495,688.1620318
203.234933,2.94019364,49.86370104,597.5500574
229.4030854,7.487493294,50.13838179,1717.654064
204.2897609,3.730696368,50.00724812,762.143069
206.3508272,8.032762106,50.01921448,1657.567105
226.8638899,5.709531037,49.88674053,1295.28642
228.222498,6.880316131,50.08251422,1570.242935
207.0891982,5.571153358,49.97683367,1153.725682
226.0936926,4.695642469,49.95780731,1061.655145
227.1082639,6.949833564,49.97504839,1578.364635
220.8441956,4.052722048,49.98727909,895.0201408
234.251689,6.054827937,49.8568621,1418.353671
207.8956958,3.845749653,49.8221344,799.5148001
211.8368902,4.354813794,49.94341997,922.5102117
216.0812248,5.261672592,49.96286934,1136.948658
229.1737295,5.64844854,49.96097786,1294.476018
245.506459,2.395027365,50.09602013,587.9946877
197.3019797,5.632397408,49.92925214,1111.283159
221.1870563,5.673395189,50.03142644,1254.881581
210.2781466,5.808415114,49.86076971,1221.382765
223.2362481,3.274519851,50.0329356,730.991526
228.5996343,3.275091801,49.92148162,748.6847881
210.7939,6.831937736,50.00494994,1440.1308
222.097522,5.39075058,50.01716669,1197.272345
213.7152161,5.349262271,50.06123002,1143.218742
222.4840266,6.045139437,49.88311671,1344.946964
238.1464464,4.192253362,50.15450152,998.3702405
219.2417506,6.548195139,50.07870296,1435.637765
222.8829304,5.611766015,49.97544296,1250.766854
208.7632809,5.243627318,50.0361006,1094.676843
209.0646779,5.604755001,49.94580573,1171.756299
218.8151518,5.709736865,49.94309053,1249.376939
208.0829061,4.908789099,49.83908863,1021.435101
212.8341506,6.262317451,49.97253704,1332.835016
220.1325532,5.159500241,49.97542655,1135.773961
207.7904826,5.742729853,50.0629454,1193.284607
202.2760363,5.993438789,50.01254096,1212.329042
220.9306833,5.54924998,49.94842203,1225.99959
215.3817292,5.359068491,50.02013465,1154.245439
220.6215305,4.02718799,49.98330824,888.484378
239.1915172,4.353093362,50.04922243,1041.223006
221.0162362,6.045178463,49.97711117,1336.082591
220.8196818,5.498369531,50.0293343,1214.14821
205.2639393,5.486859426,50.11485849,1126.25438
220.0113013,3.806086713,50.11449043,837.3820905
213.4285678,5.157064191,49.92980912,1100.664824
219.0964269,3.823589074,50.07142878,837.7347042
218.241357,4.09293776,50.04155186,893.248291
231.7229564,5.253530831,50.06388971,1217.363696
214.4378156,6.293519079,49.936028,1349.568483
219.6708994,4.378322936,50.06877821,961.790137
224.3418642,4.806335079,49.93028353,1078.262171
204.8195724,6.593361823,50.06795723,1350.44955
213.2135656,6.181613307,50.01783579,1318.003814
219.0828217,4.421950467,49.78463477,968.7733857
221.8393026,4.562066543,50.00704517,1012.04566
203.2473732,6.457267536,50.04202144,1312.422665
228.2512983,6.038754341,49.79893934,1378.353519
217.6503359,4.687192633,50.09717331,1020.169051
228.7670443,5.614149636,49.9859396,1284.332419
216.9153409,2.475753188,49.87507265,537.0288469
235.1332102,4.753782708,50.04876057,1117.772189
223.3000642,4.837172447,50.14017193,1080.140918
230.2050912,5.942143912,50.00990794,1367.911781
224.7438004,2.524169191,49.94127242,567.2913768
200.5453821,5.627835527,49.83633941,1128.636426
201.2919054,5.315135395,49.86214359,1069.893731
242.7728745,6.955870912,50.05987012,1688.696776
221.8580574,5.482939364,50.04223753,1216.434276
224.3872611,4.278131061,50.00029871,959.9581114
217.6357857,2.661281086,49.92328793,579.1900001
211.4416373,4.83283273,50.13141336,1021.862065
225.5962354,5.289069359,50.03457826,1193.194136
221.6228054,5.821406546,50.02985738,1290.15645
223.5132727,6.398606331,49.90847193,1430.173441
222.5675655,3.528425781,49.88892338,785.3131362
213.7170376,4.775000798,49.97114596,1020.499025
209.3364563,6.20023146,50.16933933,1297.934482
209.4259737,5.170170906,50.15246739,1082.768076
221.0746784,4.672652407,50.22248718,1033.005128
216.0793098,5.380651854,49.94907065,1162.647539
221.887342,6.375729124,50.0834204,1414.693589
207.9645436,6.059061765,50.04155922,1260.070015
222.9014415,3.580555149,49.96543086,798.1109042
219.9566845,4.802718802,49.95530376,1056.390104
229.9769054,3.538541079,49.96150455,813.7827269
213.8814733,4.661070093,49.97702194,996.9165388
216.8265444,6.284846414,50.03360777,1362.72153
215.6382884,5.813980682,50.11317967,1253.716843
234.3579619,7.127127781,49.93908308,1670.299141
210.7951225,5.855553555,50.07110644,1234.322129
198.2912671,6.184217908,49.96334221,1226.276405
212.4779985,5.635418303,50.06327853,1197.402402
233.5388573,5.771369847,50.00713922,1347.839119
223.7730722,6.197462822,49.85300058,1386.825296
228.2185929,5.404819148,50.02167173,1233.480221
195.8226277,7.556858907,50.12249575,1479.803969
227.905671,4.662542118,49.9753441,1062.61979
227.102074,5.643240159,50.00050582,1281.591544
232.1927404,4.810667041,49.99522751,1117.001963
213.977132,5.979890266,50.02238555,1279.559769
223.3833045,4.503279122,49.90785823,1005.957371
218.9393256,5.147594724,49.86559525,1127.010917
228.4290341,6.944601932,49.98675655,1586.348711
215.9734137,5.866086071,50.01648854,1266.918634
227.0843545,6.758477856,50.19942048,1534.744581
214.5842896,5.066930829,50.12772077,1087.283753
209.0355502,3.906047479,49.94535683,816.5027838
217.5423777,4.342809933,50.17913396,944.7451985
220.9114287,3.874526315,50.0106424,855.9271438
222.0441424,5.651339406,50.18601759,1254.846812
212.3450963,4.941887907,50.13136593,1049.385663
223.2808373,5.481304171,50.17792928,1223.870185
225.2869173,5.589894693,50.02638798,1259.330143
203.4743587,4.006099688,50.11779911,815.1385647
229.7546869,5.887588608,50.02312798,1352.701077
238.2331112,3.86639016,49.90625858,921.1021569
224.8541726,3.935103151,49.95259885,884.8243631
225.8915875,7.713254493,50.19334085,1742.359302
205.5120447,7.300993246,49.94129686,1500.44205
224.284359,5.772731931,50.00692877,1294.733481
215.0614423,3.279783425,49.89770519,705.3549539
225.8088253,4.152723095,50.14475445,937.7215238
220.1897544,5.31907328,49.96164543,1171.205439
236.1658075,4.606098325,49.99517382,1087.80293
218.0844482,4.920126614,50.00368138,1073.003098
226.4651227,6.053691767,50.19863053,1370.950049
231.3970186,4.29153354,50.01938629,993.0480664
230.5426545,6.884782107,50.03760127,1587.235943
240.6250265,4.770166001,50.00322157,1147.82132
236.9973315,3.397202051,50.15853485,805.1278207
211.3004874,5.037020845,50.07044855,1064.32496
209.6959891,4.47155162,49.99883883,937.6664399
210.2440085,5.207038231,49.91323435,1094.74859
224.4705781,5.029115901,49.91010397,1128.888553
212.8201962,6.498971842,50.03511907,1383.112463
220.8653816,6.08292885,50.01949033,1343.508402
223.8004185,5.936686129,49.99796274,1328.63284
209.114375,4.879140885,49.97309265,1020.298497
223.5417136,5.69985516,50.06156674,1274.155389
212.097245,5.234624796,50.14130957,1110.249498
230.8797531,5.187332536,50.01900571,1197.650055
227.7232784,6.418014938,49.92966028,1461.531403
212.6497798,4.882799586,50.00361274,1038.326257
243.0784779,4.90695766,49.9458122,1192.775799
226.2836697,4.702881448,50.065954,1064.185272
227.749135,6.208765193,50.12665964,1414.040902
208.1302455,5.54464248,50.02811797,1154.007801
209.9498686,5.132444865,49.99604178,1077.556125
225.3390065,4.962111374,49.86732055,1118.157247
214.9162311,4.050900973,49.94575529,870.6043695
219.5471395,7.34340384,50.06224657,1612.223307
220.518547,5.598979364,50.03032941,1234.678794
215.7848801,2.690255799,49.88573361,580.516525
206.6593316,5.637940197,50.00917154,1165.132953
220.2808038,4.799966046,50.10238031,1057.340379
205.8495745,2.346945205,50.02571942,483.1176718
218.8961928,4.00970779,50.17218873,877.7097695
215.9220265,2.729941755,49.89973672,589.4545561
230.3972223,5.945401262,49.84741451,1369.803936
213.4203536,3.648215052,49.99460563,778.6033464
222.8841584,5.982092222,49.88770209,1333.31359
227.2478357,5.51648249,50.00389488,1253.608707
234.2362234,4.644830467,49.84409984,1087.987547
219.6309517,4.549847979,49.8713807,999.2874418
239.7768734,5.164927396,50.08099968,1238.430142
220.4890402,5.701073817,50.03987996,1257.024294
221.2592301,4.621758289,50.12842997,1022.606681
214.3235287,3.534763207,49.78127269,757.5829237
221.2704704,5.484298222,49.96099601,1213.513248
201.2207133,5.303973576,49.94520805,1067.269346
206.2101797,3.463253694,50.09337491,714.1581666
225.8312398,5.710026582,50.13846366,1289.502382
216.4046678,3.254033333,49.84850831,704.1880024
207.955929,4.346579495,50.1777852,903.8969768
234.9238773,3.30657131,50.10482932,776.7925527
208.8548591,4.149651472,50.23216797,866.6748734
229.0914,6.067174195,49.95187375,1389.93743
226.5770907,6.624084253,50.05735548,1500.865739
210.0485953,6.444965528,50.00497528,1353.755956
221.4374775,4.853628798,50.0521989,1074.775318
224.7113152,5.62969927,49.95482439,1265.057127
202.9787803,4.52795783,50.01427978,919.0793576
234.0401011,4.638805687,49.99012226,1085.666552
223.3145943,4.2204043,49.93480974,942.477874
210.7930779,4.089916821,50.20613124,862.1261551
235.5690352,4.44387153,50.17754336,1046.838529
216.3913336,4.819175249,49.86456923,1042.827759
219.427318,6.076481605,49.77872485,1333.346061
228.7655219,4.673805241,49.92382343,1069.205495
219.1198044,5.29168571,49.95218832,1159.513138
218.9421177,5.845163403,50.04936975,1279.752454
226.6090344,4.45520199,49.91986127,1009.589021
206.1759195,4.990582086,50.00578207,1028.93785
217.887105,5.020027837,50.01300089,1093.799333
222.7185541,4.354158365,49.86457545,969.7518554
204.4860121,5.239096169,49.89819572,1071.321883
221.2238505,3.396032476,49.91061143,751.2833806
195.5652783,4.058614851,49.94081919,793.7241428
210.4119359,5.68949675,49.99927574,1197.138026
224.2553809,5.48471894,49.9999483,1229.977735
220.7431094,5.8292592,49.88755857,1286.768801
220.0441335,5.017735372,49.98513269,1104.123232
235.4666174,4.481319148,50.0668094,1055.201061
219.8750474,6.366279142,50.11233785,1399.785928
219.1074119,5.109302666,49.96863052,1119.486084
212.8593962,5.606076527,50.05070208,1193.306065
237.2333963,4.999074822,49.94195867,1185.947499
218.5387684,6.297721661,49.96393161,1376.296336
217.6328981,4.593971684,50.00505335,999.7993715
225.3571911,3.639394851,49.83793492,820.163801
220.9618412,5.995870573,49.92115278,1324.858601
213.7592109,4.763410018,49.81868846,1018.222766
216.6488789,5.574660422,50.06492258,1207.743931
231.7990778,5.094617758,50.04944026,1180.927698
235.0455688,4.755688491,50.00029917,1117.803506
219.3915875,5.05741851,50.0726087,1109.555075
217.6224643,6.601315437,49.97258003,1436.594533
225.6748206,3.749499866,49.98259805,846.1677097
224.5733483,6.634626417,50.00095362,1489.960269
211.7792254,5.042191798,50.21608725,1067.831473
211.3168083,4.544146474,49.99023511,960.2545294
204.9037641,3.540300964,50.12644554,725.4209935
212.8126937,3.618718779,49.77841266,770.1092912
225.7678728,3.363671819,49.92987384,759.4090314
222.7718643,5.636841409,50.04855333,1255.729669
216.5888552,5.594387757,50.13980768,1211.68204
214.6063225,7.173422174,50.14686439,1539.461753
214.4195683,5.276475238,49.76692714,1131.379543
211.9971582,4.772411587,49.94652889,1011.737694
227.3326717,4.246090777,50.01647254,965.2751606
210.280518,3.587166972,49.90214505,754.3113292
216.7508693,5.556182502,50.24132853,1204.307387
218.3178718,4.174813308,49.82027903,911.4363564
217.2176677,2.69016089,50.09143866,584.3504744
234.8253271,4.876577661,49.98220435,1145.143944
234.6460432,3.430187607,49.97384997,804.8799493
228.3461377,4.639895835,49.90256613,1059.502293
207.0394691,5.893112266,49.92172831,1220.106835
224.9078376,4.475638439,49.99475823,1006.606163
209.3400065,4.692832046,50.04076664,982.3974911
219.1498396,5.402678159,49.98498982,1183.996052
233.7469021,4.768480272,50.0573034,1114.617491
203.990032,5.351102828,50.02802363,1091.571637
224.57447,5.043599086,50.08359554,1132.663592
212.7084597,6.281469689,50.05579929,1336.121742
218.3830324,4.763867138,50.03570847,1040.347752
224.8961616,4.572785689,50.19231443,1028.401949
209.3831974,6.444218689,50.04292181,1349.311114
212.7006834,4.401478684,50.06218268,936.1975238
238.9858554,7.130299119,50.05739432,1704.040634
219.4446753,6.129640801,50.24049855,1345.117035
235.0412054,5.728237438,50.11325735,1346.371832
209.8699077,5.002563654,49.93727504,1049.887572
212.932417,4.071605614,50.1104096,866.9768244
234.8356731,3.751817329,50.16085215,881.060548
228.6322275,7.059482146,49.86365074,1614.025128
226.5004923,4.482338671,50.11026373,1015.251915
213.0167238,5.431273496,49.9967585,1156.952086
230.5505626,5.162557412,49.98145602,1190.230516
212.488007,4.955909681,50.02904201,1053.071371
226.5278868,5.740855938,50.00844498,1300.463964
220.6454615,5.446738985,49.9734523,1201.798237
213.4417389,3.619185797,50.10408101,772.48531
221.2124255,5.087861333,49.92655938,1125.498146
203.3210622,5.110621399,49.9966541,1039.096972
219.2132432,4.012698206,50.01668777,879.6365875
227.5139801,6.939449624,50.0428258,1578.821803
218.8571263,4.190125642,50.06012011,917.038857
212.1381108,3.841198924,50.09380957,814.8646831
205.474836,6.082324721,50.03025506,1249.764674
228.9143259,5.766622608,49.94318943,1320.062527
216.0764519,5.090742651,50.05587941,1099.989609
239.8018315,5.455820781,49.95330061,1308.315816
226.4962387,4.776076465,50.01129447,1081.763355
241.7795342,3.763116246,50.09309256,909.844493
220.5318833,4.496232163,49.99245256,991.5625468
208.7394754,7.204148263,49.9771469,1503.790129
220.665157,5.888339007,49.94355499,1299.351252
221.5724784,4.196488542,50.04845134,929.8263668
211.5669199,5.83052031,49.99902062,1233.545224
217.8863043,4.580786483,50.12782157,998.0906374
217.6802762,4.391693997,49.90199699,955.9851625
229.0924642,5.955912145,49.99299812,1364.45459
222.58958,7.159269411,50.01771862,1593.578771
222.1568928,5.111846744,49.9613112,1135.631989
205.1557461,4.821028827,49.93276515,989.0617662
210.1546149,4.101060092,50.10871479,861.8567045
223.1581301,5.789850152,49.86945125,1292.052134
211.5528965,4.074955824,50.1969589,862.0687076
233.2452292,7.378521128,50.05306818,1721.004852
222.9501285,4.495376246,50.0849485,1002.244712
218.1870037,6.098805001,49.95363957,1330.679989
228.9795508,4.47410401,50.23551259,1024.478326
217.2451387,5.551782614,50.01058914,1206.097784
219.9684363,5.580880008,49.91144427,1227.617449
220.9744816,4.157020457,50.06385323,918.5954407
219.2800817,3.898269286,50.08577638,854.8128077
207.5835572,4.361073308,50.23363418,905.2871106
222.1926901,3.557454978,49.92791984,790.4404916
209.5573517,4.318771016,50.09131909,905.0302169
222.9497825,5.866409438,50.00608913,1307.914709
218.1391289,3.748871484,49.75594626,817.7755599
209.3906822,5.004322185,49.86332746,1047.858436
227.1633655,5.941949038,49.89951887,1349.793141
222.6413468,4.022619898,49.93946064,895.6015115
212.8114541,3.447707315,50.02742197,733.7116072
216.7088381,4.655124405,49.8810013,1008.806601
223.8932777,6.418838573,49.79898679,1437.134807
215.1861702,4.416110105,50.15597314,950.2858206
221.7448468,5.057564155,50.08964791,1121.488789
219.5042603,5.670743074,50.06972099,1244.752264
213.1038695,5.98215697,50.0899006,1274.820798
207.4228315,5.248928984,49.88309347,1088.747712
218.7253832,5.538096484,49.85313547,1211.322276
222.5560336,4.575752279,50.12612644,1018.361278
232.2851586,5.108618301,49.94853683,1186.656212
226.603984,4.402348855,49.84666812,997.5897894
206.3665387,3.807907275,49.99693874,785.8246438
208.5387969,5.723872062,49.86247142,1193.649393
216.0799276,5.813501859,50.11101851,1256.181061
204.1531128,4.911386907,50.07481462,1002.674925
213.1742389,4.372338773,49.76294679,932.0699903
241.5768842,4.369079133,49.958654,1055.468524
208.1352658,6.662400235,50.03478768,1386.680444
220.9580041,4.591782065,50.01494412,1014.591
213.2201203,3.649562129,49.95060819,778.1600761
214.5906449,3.922965695,50.07515801,841.8317382
243.2463486,2.977373256,50.05769671,724.2351728
215.6956059,5.988522723,50.10867049,1291.698037
209.3288818,5.591134835,50.07694569,1170.386003
213.7567731,4.177932647,49.74896664,893.0614009
212.7463502,5.059746117,50.01415728,1076.442519
234.4975258,6.68469598,50.13647051,1567.544668
207.4205397,4.500382869,49.88556684,933.4718435
203.0998019,4.654662979,49.93199508,945.3611292
234.044905,5.113487798,49.91664403,1196.785766
215.516108,4.51284327,50.0337648,972.5904175
217.6101488,6.502437038,49.97286494,1414.996292
210.5152943,4.574170666,50.0703872,962.9328838
212.0494678,4.428569048,49.90038262,939.0757095
232.0507398,4.961712188,49.99208312,1151.368984
207.5822537,6.52931278,49.94856558,1355.369462
223.7774696,5.427497718,50.07290568,1214.551706
221.5589805,5.421327949,50.02518022,1201.143894
231.5001412,5.699343566,50.01756413,1319.39884
219.2489088,4.759476079,49.77289057,1043.509937
247.3317857,5.714164177,50.07870066,1413.29443
230.0607922,4.405409026,49.80415413,1013.511891
223.150719,6.094980829,50.12688797,1360.099354
222.3906238,4.769682281,50.19750838,1060.732618
222.2345221,4.30089821,50.02643806,955.8080582
221.8016331,4.40103494,50.14444581,976.1567369
197.5183735,6.885935199,49.73850949,1360.098721
222.3886992,6.427183874,49.83495708,1429.333061
230.1158675,4.648838515,50.08038301,1069.771508
205.3648251,4.953974804,49.82361429,1017.372169
215.4172395,5.522550335,49.98324828,1189.652548
247.7579608,4.149738616,49.9588234,1028.130777
224.1090023,3.488315279,49.84732799,781.7628569
228.2387811,5.028832255,50.06410571,1147.774544
228.4853272,3.305136414,49.97274966,755.175175
235.9904888,4.628233871,49.88541374,1092.219173
234.9690081,6.135595406,49.99671001,1441.674767
225.2400536,3.316995202,50.01406642,747.120177
226.6428933,3.27506972,50.20532685,742.271277
224.9626145,4.17393502,49.86062024,938.9793349
238.7559751,5.545508455,50.03743428,1324.023279
220.758832,5.464081772,50.03818135,1206.24431
226.0105621,1.825892004,50.08459667,412.670878
223.7345513,2.474494781,49.86732875,553.6299796
215.9872791,4.673018695,49.99761426,1009.312593
226.9579411,5.623416796,49.88502029,1276.279098
206.1840457,4.245933529,49.99316712,875.4437526
227.4839083,5.184788204,50.13067333,1179.455884
233.2338,6.999603661,50.14029783,1632.54416
213.9027618,4.482690063,49.9513244,958.8597849
212.4350073,3.96814281,50.01116135,842.9724469
217.0363923,5.352659661,50.01739633,1161.721942
225.0001706,6.49203945,49.90483355,1460.709984
216.8547309,5.657593936,50.02636354,1226.876011
194.8544495,5.307782393,50.0505367,1034.245016
208.4851353,5.972122495,49.85207071,1245.098766
210.6894993,4.441552035,49.90984633,935.7883743
220.3894815,6.733589289,50.09610843,1484.012252
222.3093791,5.202847006,50.19127097,1156.641687
228.9225924,5.29053813,50.04497671,1211.123704
216.1279552,5.45530612,50.00960845,1179.044156
223.1864263,4.358670293,50.05269048,972.7960463
229.5967772,4.51600591,49.97152945,1036.860403
223.6633421,4.953046978,49.94729746,1107.815041
224.3418229,5.263693699,50.00187726,1180.86664
235.8075503,4.94604158,49.97171689,1166.313949
234.064076,4.367668299,49.97955354,1022.314245
223.0032276,4.450573535,49.91968712,992.4922631
208.0134614,5.9370539,49.93108865,1234.987132
218.8832804,6.32096296,49.92081834,1383.553108
221.0480907,4.543646109,50.04388681,1004.364297
220.2598488,4.36469023,49.86299394,961.36601
221.0079618,5.376102423,49.93443455,1188.161439
221.7572196,3.034519847,50.05401823,672.9266841
232.3842082,4.234506005,49.93399045,984.032325
213.6453878,3.772286816,49.97899396,805.9316798
217.7212968,6.156769402,49.93849184,1340.459818
227.0813955,3.968752474,50.02058908,901.2298503
213.937484,5.276969104,50.08103333,1128.941493
226.3154551,4.73102133,49.89581403,1070.703245
239.1654241,3.162087185,50.11347339,756.2619226
251.3838578,5.112294259,49.76789482,1285.148253
224.5175043,4.153843879,50.10268669,932.610661
230.4905921,4.453676655,50.10447177,1026.530569
213.0059208,4.898844833,49.89033727,1043.482954
223.3258669,3.515741962,49.8413137,785.1561214
224.803793,6.509889699,49.88245664,1463.447896
211.6452856,6.7670957,49.98430677,1432.223902
231.8256117,5.441494254,49.93646837,1261.477734
206.8217082,6.434915278,50.02475675,1330.88017
235.6398514,5.106460975,49.92672647,1203.285705
235.5843109,5.735136896,49.9831502,1351.108273
207.9003787,5.390167833,50.14229524,1120.617934
215.3923756,4.585935615,49.97776891,987.7755667
217.1290639,7.161291581,50.00064475,1554.924537
223.8466414,4.58043834,50.19377594,1025.315738
207.4563943,5.41605315,49.93430413,1123.594858
229.2486173,4.075169851,49.90074393,934.2270538
224.2165826,4.742497718,50.17881285,1063.346631
215.4556577,4.789320102,50.15294897,1031.886113
221.6534979,5.265272935,50.00334317,1167.066164
224.450208,3.095068048,49.90119488,694.6886671
222.2137833,4.013466441,50.0918095,891.8475622
215.5169597,4.624085225,49.86472639,996.5687893
227.0476638,5.631367139,49.9453543,1278.588753
220.5200036,4.398613959,50.12207991,969.9823659
206.744138,5.126981719,49.92683921,1059.973416
237.8876089,6.187137147,49.98724096,1471.843262
210.0113581,4.616338581,50.1190114,969.4835346
217.091463,6.026263827,49.87967743,1308.250431
227.9215656,4.89101914,50.0505323,1114.76874
225.7883893,4.15733701,49.86978021,938.6784274
207.2888975,4.195855114,49.93136329,869.7541807
210.5053501,2.842455912,49.93372762,598.3521768
231.4728599,4.42698071,49.96328567,1024.725885
221.3745616,4.288508312,50.00916943,949.3666473
226.7397889,5.293723892,50.08357683,1200.297838
225.0616781,4.963095245,50.16810778,1117.002544
230.6146686,5.975384775,49.8888056,1378.011379
223.5361706,4.429118039,50.18129664,990.0680854
207.8064529,5.247175686,49.88921078,1090.396967
216.5986943,5.142590951,50.02340094,1113.878485
229.4060867,4.397154563,50.04840675,1008.734021
225.1569345,4.249950233,50.0264894,956.9057662
223.7339824,4.382902264,50.060334,980.6041781
221.4401978,4.751677863,49.96369044,1052.212486
222.6644771,5.961124414,50.12962717,1327.330651
215.243733,5.832981912,50.02816708,1255.512801
218.7958166,4.133129869,50.08691501,904.3115248
224.2843811,6.439356738,49.88700554,1444.247141
227.0542217,4.310447931,49.92044523,978.7054002
216.0179239,5.914107133,49.94870969,1277.553144
213.1700056,4.751199893,50.07952254,1012.813308
208.4278047,4.617023465,49.90945991,962.3160649
229.5787259,5.178792656,49.9273887,1188.94062
227.1248432,6.434005376,49.9223408,1461.322462
235.2922563,5.138421107,50.02466342,1209.030696
216.2019655,5.853956974,50.01281735,1265.637004
228.6001592,5.225736377,49.84662078,1194.604167
220.2910158,3.498449804,50.01612477,770.6770611
212.0877996,5.395240264,50.08885359,1144.264636
218.1049948,2.449688246,49.98273185,534.2892421
237.1566491,6.048500556,49.9567516,1434.442124
209.7167884,6.101628638,49.98417945,1279.613962
226.4786991,5.312660133,50.00818114,1203.204356
210.8952682,4.342598956,50.08357053,915.8335714
202.3622679,4.516979336,49.97922607,914.0661825
202.7705825,3.818284743,50.03724016,774.2358215
218.2094188,7.229706659,49.98438416,1577.590088
231.6227082,5.387783013,50.07923487,1247.932893
200.0052887,4.880871768,49.94436519,976.2001671
230.6411441,3.528087516,50.02948756,813.7221411
239.7371331,5.656914131,50.03953225,1356.172376
213.8661802,4.647313014,50.02752703,993.9030825
215.4565248,6.600129376,50.01484983,1422.040939
213.0471877,5.872538494,49.90836101,1251.127811
215.3410479,4.919974029,50.06721959,1059.472363
224.0819395,4.617060827,49.97039881,1034.599945
235.1048805,5.513503731,49.97842676,1296.251636
222.1953641,5.85665541,49.98412688,1301.321681
227.4587125,5.491858683,49.94511282,1249.171105
225.9115857,5.028770177,49.91264239,1136.057445
212.4763306,4.820383487,50.00902987,1024.217395
229.0024569,5.555615169,50.1452704,1272.249523
227.6466605,3.794272879,50.04055825,863.75355
228.7034139,5.099629728,49.83524994,1166.302729
220.6354887,7.079303553,49.83416239,1561.945599
208.5590809,6.047715745,49.98638768,1261.306037
199.704646,2.820094438,50.07083651,563.1859615
207.8112295,4.831421451,49.90453282,1004.023632
211.4634507,4.456476804,50.01085709,942.3819629
197.0831183,5.218211742,49.85211659,1028.421442
212.0498375,5.40809757,50.00634928,1146.786211
210.8895255,4.314979094,50.23987679,909.9838938
227.6071605,5.967710988,49.98928016,1358.293753
235.4849851,3.830586157,49.92513448,902.045524
234.9199275,6.323708538,50.07501284,1485.565151
211.983205,4.880244571,50.02733379,1034.529885
213.1491079,5.049982106,49.95323271,1076.399181
238.1820863,4.459562211,49.9686072,1062.187831
215.0570978,5.633709065,49.78805187,1211.569121
222.3129265,4.541492561,49.94651049,1009.632502
224.6044956,3.913741472,49.86011002,879.0439291
207.4857331,4.467886418,50.04807681,927.022689
232.1295626,5.494973112,49.93699404,1275.545705
196.7782331,3.874259325,49.98879253,762.3699044
210.6142578,5.223966822,49.88289856,1100.241895
231.655943,5.157992872,50.21090766,1194.879703
202.4452711,6.81671374,50.00407125,1380.011461
214.099517,2.675684195,49.96427061,572.8626938
241.8071092,5.211065082,49.9256171,1260.072583
208.4235784,4.60536176,49.9478665,959.8659779
224.1267008,5.499994532,50.14769083,1232.695629
215.2283419,4.168440689,49.87832459,897.1665777
219.1030287,6.256294747,50.06707908,1370.773127
216.8455527,4.063069705,49.99097504,881.058596
204.6367783,4.311536619,49.87078793,882.2989632
227.4872077,5.215835318,50.02932427,1186.535812
230.9587241,3.010282352,50.13741443,695.2509713
218.7209411,6.185199724,50.09351942,1352.832705
219.6893244,4.060771266,49.86169681,892.1080961
202.4843833,5.872461227,49.98479932,1189.08169
218.9191549,6.529318816,49.99852778,1429.392957
218.7027544,4.186355155,49.98875005,915.5674032
225.7961426,5.997867611,49.96680083,1354.29537
212.0868617,5.436853934,50.02961815,1153.085289
220.132884,7.144564115,49.90968178,1572.753504
214.7827897,6.278584276,49.90402153,1348.531846
212.8083132,4.55542024,49.90657971,969.4312974
197.8106896,4.457546514,49.96769445,881.7503498
227.1448226,4.288136346,50.1608362,974.0279698
211.0924447,3.467247647,49.90254865,731.9097823
226.4338521,3.531617631,49.99416883,799.6777844
216.3246912,3.275324033,49.93436573,708.5334601
217.0333496,5.610188495,50.12685469,1217.598001
221.3177642,5.197126763,50.01969752,1150.216476
231.2367486,5.160343716,49.88918688,1193.261103
227.1572215,5.151330554,50.1725775,1170.161936
200.4407458,4.936825899,49.96483702,989.5410652
229.1721055,3.922526551,50.07367574,898.9336686
212.4574935,5.600324994,50.09022978,1189.831011
210.9945119,6.354782906,50.00704349,1340.824318
220.0085138,4.499945568,50.18496845,990.0263363
215.2120259,4.874807824,50.06005419,1049.117268
210.8833286,4.874092745,50.01957224,1027.864902
211.9004128,3.834522733,49.87723083,812.53695
220.6013056,4.862257527,50.06439086,1072.620358
229.475817,4.279163632,49.98769478,981.9645705
227.5191404,5.13117031,49.9048746,1167.439458
227.6476847,5.964110714,49.96287729,1357.715995
215.7159261,5.285733613,49.9064914,1140.216921
198.1180376,3.515821407,49.89311827,696.5476378
215.5758362,3.358240851,49.99617311,723.9555794
228.8528782,5.980650486,49.9551386,1368.689077
213.1134319,5.981371041,50.22220506,1274.71051
224.1117041,3.773599573,50.0904386,845.7078308
209.3005207,3.044502992,50.00486152,637.2160616
234.4987488,4.587926368,50.10090006,1075.862993
206.9778423,4.455614852,50.09806106,922.2135485
224.487741,6.582493973,49.93973906,1477.689202
216.0397916,7.025813847,50.00846923,1517.855359
205.9232732,4.669957804,50.03321622,961.6529965
214.7492165,4.151592713,50.0340058,891.5512822
212.834052,6.500062572,50.01553676,1383.434655
207.7060457,6.482452805,50.00276833,1346.444639
221.0214369,5.946788967,49.9578924,1314.367843
229.5626082,4.294952467,50.14593185,985.9604903
220.4576076,4.861551996,49.91932973,1071.766123
223.3608892,4.925681578,49.88187278,1100.204617
201.007447,4.369645749,49.8825398,878.3313363
233.4299918,4.589003356,49.92900465,1071.211016
214.1847255,5.62836435,50.13845552,1205.509674
223.2600371,5.078006619,50.07875502,1133.715946
244.3678963,5.134968056,50.12551231,1254.821341
219.9696805,4.773753712,50.03917384,1050.081079
226.1999339,3.247133109,49.9484361,734.5012948
213.4868127,4.970372963,49.98341612,1061.109082
213.0668363,2.890289238,50.03564722,615.8247839
227.8987157,5.224913634,49.99680844,1190.751107
223.9429212,4.164620169,49.92321492,932.6372061
206.5265306,3.890557948,49.94506073,803.5034352
229.0985714,5.58322647,50.07359194,1279.109208
213.2385891,5.033891095,49.84611175,1073.419835
218.2251731,4.477144311,49.94200264,977.0255925
228.684815,5.86037165,49.88380576,1340.178006
223.464636,4.889957112,49.96132543,1092.732486
232.395318,5.79518231,50.10877302,1346.773236
216.3151392,5.119071556,49.89086701,1107.332676
226.9695366,5.426166364,50.13727846,1231.574465
233.8912996,4.209007168,50.02784095,984.4501567
223.6360469,3.675188189,49.92441555,821.9045582
207.0501035,5.742296559,49.83803367,1188.943097
242.0868926,4.513955413,50.00454383,1092.769439
233.2895224,4.525437562,49.97069366,1055.737168
227.5335019,3.502687359,50.0267811,796.9787211
227.707939,3.385610866,50.04483216,770.9304725
218.7654563,5.183584822,49.80484685,1133.989299
239.3573765,4.310013456,50.04240146,1031.633513
218.7215732,5.969833356,50.2447257,1305.731343
217.3046434,4.320683726,50.13908559,938.9046365
211.9911932,6.305630977,49.78412611,1336.738235
209.6440437,3.662728245,49.99532843,767.8691604
237.4919763,4.832271181,50.07120204,1147.625633
223.8782485,4.407378204,49.95119982,986.7161128
221.8464277,7.58274878,50.01368142,1682.205729
210.1583831,6.593213787,49.96036575,1385.619149
229.0195685,6.797856863,49.85953514,1556.842246
229.6457604,5.216398409,49.96816573,1197.923779
221.8131481,5.21674785,49.79867731,1157.143263
226.267228,4.008099418,49.83078824,906.9015449
216.9538995,3.550426685,49.94967072,770.2789142
230.968243,4.291274643,50.08590415,991.1481643
235.6949873,4.115615976,50.24817208,970.0300554
233.9984212,5.632372541,49.97571009,1317.966282
215.1009222,5.644891857,50.0009042,1214.221444
208.2190756,4.90827434,50.07539192,1021.996346
210.783963,4.614570017,49.87003254,972.6773558
206.2905936,5.315176006,50.14853069,1096.470813
219.9606516,6.182645752,49.96871614,1359.938789
213.6842111,5.890125193,49.88710389,1258.626755
215.5637869,2.372918602,49.91059617,511.5153199
215.4801654,4.313695977,50.10032953,929.5159226
223.5756604,6.502710547,50.05111378,1453.847805
216.2805708,3.936406886,50.11437782,851.3683281
221.1063831,2.889844881,49.96255988,638.9631494
221.5403741,5.244874915,50.0101015,1161.951551
211.7416931,4.301804608,49.90577701,910.8713912
216.0927554,5.494973951,49.92111674,1187.424062
215.6793271,4.919762591,49.90582026,1061.091085
225.5144908,4.746794355,49.84354729,1070.470912
224.0797047,4.656215434,50.09797975,1043.363379
230.9828298,4.952802656,49.69362589,1144.012373
212.179454,4.617014025,49.83026959,979.635515
218.1729266,4.114517524,49.87591481,897.6763297
216.4442602,5.192249268,49.96558004,1123.832552
215.4724753,4.490166189,49.98718407,967.507223
213.902489,5.629760845,50.0453607,1204.219857
206.73047,4.083555558,50.20474657,844.1953598
214.1833612,3.917483112,50.07992681,839.0597004
233.6330638,4.867579645,50.07388007,1137.227546
225.9437718,6.173681629,49.88602709,1394.904913
223.0511885,5.568675309,49.92632049,1242.099646
221.3430841,4.708027135,49.91615541,1042.089246
208.4861717,4.079503622,50.03944164,850.5200925
224.2945993,5.424760329,49.96204711,1216.744444
230.5946973,3.957198444,49.93517044,912.5089774
234.8667863,3.214605973,50.14479087,755.0041742
213.0193053,5.404299708,50.06153168,1151.220169
226.0405262,4.710169412,50.13318674,1064.689172
221.5067363,5.794153032,50.03723083,1283.443928
222.0420781,4.809654548,50.0359814,1067.945691
210.7270195,2.580872571,49.87427771,543.8595847
220.9949966,6.656154762,49.94360829,1470.976899
213.6753737,4.067564719,50.16305834,869.1384114
220.6427146,6.578531597,50.05360973,1451.50507
239.1939183,5.721208161,49.94551856,1368.478197
200.1348755,4.139104126,49.9974173,828.3790889
221.6839331,6.146948075,49.91074769,1362.679626
205.2308778,4.669599684,49.98042548,958.3460422
213.7726112,4.850880028,49.94947666,1036.985291
219.5943261,4.536245576,49.88157204,996.1337906
225.2758874,6.387723316,50.2077466,1439.000039
225.1937331,4.878295745,49.96979147,1098.56163
228.0599652,5.735228738,49.98992063,1307.976066
219.9521519,4.47689694,50.01451863,984.7031159
208.6991753,5.768332287,49.84026014,1203.846191
211.939948,3.246418811,50.05590468,688.0458341
217.2816843,4.311982012,49.99928904,936.9147141
230.9863992,5.615153399,50.06008938,1297.024065
217.5620241,6.797754938,49.96354906,1478.933323
225.6999125,4.927222304,49.88544214,1112.073643
221.8519931,5.665167105,49.80107172,1256.828613
218.9423526,3.026389383,50.08586928,662.6048113
210.7550607,4.863569656,50.12200415,1025.021918
217.3935566,4.907986362,50.13773946,1066.964611
227.0234417,3.846946502,50.08981929,873.3470349
215.4205203,3.988188411,50.11482865,859.1376226
206.3783448,4.220018257,50.08509396,870.9203831
221.2768052,4.517171839,49.9146928,999.5453532
226.823114,3.843962511,50.0470744,871.8995471
221.4796964,6.033517532,49.94859532,1336.301631
209.6985411,5.388324231,50.15915454,1129.923731
215.4642491,3.877260038,49.98451916,835.4109225
231.0705754,4.570069134,49.99260485,1056.008504
228.9495939,4.68272286,49.98025149,1072.107497
234.5026267,5.446309424,49.94919936,1277.173866
215.4395889,4.211409434,49.98177587,907.3043173
216.1767784,4.546122143,50.04673164,982.766039
228.1064998,6.189455604,50.03400373,1411.855053
228.2286345,4.099188269,50.04499958,935.5521412
229.415572,5.039787005,50.01305717,1156.205619
224.9170418,4.041509492,49.83705782,909.0043593
210.7327949,5.218382294,50.0370013,1099.684286
210.4319189,5.077528079,50.1300734,1068.473977
208.5442548,4.913747911,50.04442321,1024.733896
202.3876628,5.867518141,49.86544382,1187.513283
217.7196713,4.797500741,50.07962444,1044.510284
220.7638945,5.570688885,49.97237962,1229.806973
221.0470528,5.156002735,49.92947946,1139.719209
220.3754023,3.618820972,50.14261174,797.4991276
228.1124768,5.341319883,50.10465169,1218.421708
210.5070289,4.84966114,49.88051203,1020.887758
240.1422317,5.150391109,50.11337805,1236.826415
207.9980667,4.941010367,49.93790677,1027.720604
221.0508941,5.320731352,50.06719636,1176.152422
219.5926527,6.28959469,49.85098489,1381.148783
228.0975638,5.511186335,50.14134022,1257.088176
214.2294204,4.831514076,49.96311607,1035.05246
226.301242,5.832610008,50.01822876,1319.926889
233.5472712,5.300242932,50.12125986,1237.857274
214.1716397,5.327016812,50.01540461,1140.895925
237.2981358,3.442978637,50.10779063,817.0124123
228.8325773,4.468474736,50.13103831,1022.53259
220.1289876,5.390399009,50.10557204,1186.583077
214.4312153,6.933681274,49.96348311,1486.797702
213.3148654,4.731758188,50.05715174,1009.354361
238.4748525,4.977914572,50.03171282,1187.107443
222.4366611,5.535942648,49.94613336,1231.396599
220.2344232,4.991553137,49.87835663,1099.311826
228.0172801,3.60766368,50.0010339,822.6096598
202.377201,5.598040537,50.08352651,1132.915775
240.5869436,5.808407813,49.82101497,1397.427083
208.0611747,3.49635269,49.99248208,727.455248
229.4245025,5.458679449,50.0247596,1252.354817
229.8499779,4.62534671,49.99890863,1063.135839
206.0471734,4.545145209,49.88365304,936.5143229
215.1498132,5.166759973,50.1145064,1111.627443
207.1679544,5.871103625,49.89023027,1216.304528
234.4946029,4.355902952,49.97816916,1021.435733
207.0519361,5.336126957,49.90777908,1104.855417
206.9053746,3.139642827,50.07830535,649.6089754
222.100954,3.984538592,50.30362421,884.9698225
228.6095117,4.196210822,49.92046816,959.2937071
205.8379325,3.789179268,50.02337515,779.9568262
231.936305,4.752233285,49.90871603,1102.215428
216.4102819,4.620436123,49.98083862,999.9098838
234.9052704,5.636741077,49.98645215,1324.100187
218.9810629,5.236266446,49.95625917,1146.643192
211.8288729,4.77747381,50.05565871,1012.006892
211.2369351,5.717672937,49.94796965,1207.783707
218.2152875,3.853251436,50.10731914,840.8383701
206.7589377,5.525207695,50.08373535,1142.386073
238.7381904,4.650181714,50.1822716,1110.175968
236.0372348,4.700445688,49.95688172,1109.480203
211.940965,3.855173389,49.9235056,817.0691682
222.0585099,3.657234151,49.99794497,812.1199661
228.7567726,3.241794648,50.07200415,741.5824812
216.6282485,5.063297434,50.12513483,1096.853255
220.9315843,5.045106086,49.82645188,1114.623281
209.6005497,6.423151561,50.05666239,1346.296098
213.4693874,5.460782562,50.11300281,1165.709908
193.4108841,5.683728263,50.03679589,1099.294908
237.3733135,4.9994592,50.1233923,1186.738196
218.9880957,4.616488182,50.07524663,1010.955956
222.714944,5.898330729,49.87303438,1313.646398
232.476909,3.783121118,49.97906154,879.4883039
220.3520898,6.384815683,49.8710876,1406.907478
223.3025727,6.203863813,50.03521955,1385.33875
233.300445,3.776578793,49.92888963,881.0775128
239.5331415,3.163227271,49.96106565,757.6977655
222.2839435,6.104174311,49.86613604,1356.859938
216.3150513,3.320575362,49.82813017,718.2904298
220.4168722,3.873241394,49.92298992,853.7277534
208.5107842,5.361933278,49.99705835,1118.020913
223.4676343,4.181401532,49.85380549,934.4079083
227.8586936,4.031006924,50.12591047,918.4999716
219.8608491,4.96528633,49.91896705,1091.672068
205.5354457,4.006688926,49.93857641,823.5165942
232.2801645,6.433706376,49.99919847,1494.422376
231.8040687,5.12453644,50.00414011,1187.888397
223.4778151,6.473899167,49.84995266,1446.772841
218.2917333,4.957356573,50.02514233,1082.149959
233.0124291,6.098072044,49.88341585,1420.92658
230.1898714,5.384454737,49.87233223,1239.446943
219.4814262,4.095975288,49.95544674,898.9904979
209.8908277,4.619964809,49.9980979,969.6882376
231.410352,5.255160538,49.97454798,1216.09855
217.1017069,4.209118914,50.03935403,913.8069009
216.4800116,3.41875326,49.8175884,740.0917452
234.9420821,5.802069603,49.87076078,1363.150313
233.3954001,4.085424661,49.78274049,953.5193234
210.8747571,4.001447244,50.16725739,843.8042154
223.4144974,2.645285499,49.90952964,590.9951304
243.9301061,5.198676877,49.87159384,1268.113802
214.9209105,4.031211593,49.9790601,866.391666
224.2950436,5.001372654,49.83654957,1121.783098
207.0613961,4.366314285,49.97687536,904.0951317
228.2731695,4.761081626,49.91240519,1086.827193
218.7446876,6.43872434,50.01282135,1408.436744
225.1509803,3.972010542,49.97715172,894.3020674
216.9594317,2.725219811,49.83446887,591.2621415
220.5852782,6.949540554,49.97238446,1532.966336
227.0386339,4.413283934,50.09528712,1001.985955
208.9930223,6.204045788,49.96691952,1296.60228
215.3057547,5.793624894,50.06571817,1247.40078
223.0281018,4.401329312,49.96549152,981.620122
221.4222828,4.665805806,49.74206391,1033.113373
217.8271218,4.886977654,49.96921504,1064.516276
222.5062758,4.787617332,50.0962009,1065.274903
237.9521863,4.555326015,49.99827557,1083.949785
216.2025098,6.965756956,50.06269984,1506.014137
213.4821153,4.721328195,49.96871412,1007.91913
220.9194351,4.873304514,50.20937587,1076.60768
219.7964394,4.562227464,50.01742605,1002.761353
238.7826462,5.467389224,50.03085223,1305.517667
215.1399183,5.136495355,50.06801169,1105.065191
206.5591638,3.570821737,50.01272755,737.585952
221.1927181,5.259496896,50.08683302,1163.362415
213.4215961,6.427813082,50.00833795,1371.834127
201.6074616,5.089866125,50.02182608,1026.154989
219.9279823,5.323738061,50.01863138,1170.83897
221.6957428,3.991744202,50.04989075,884.9526957
217.7338001,3.363882903,50.06534281,732.4310074
210.1919783,5.61056362,49.89687119,1179.295467
211.089607,5.292198521,50.01431093,1117.128106
231.3484106,4.518331729,50.18169794,1045.308864
222.1530094,5.350604726,50.17750682,1188.652942
216.3969236,4.536263014,49.89523147,981.6333608
201.8237481,4.292804832,49.97744379,866.3899608
223.9363071,4.019378664,49.95441657,900.084815
224.2692336,4.560131132,49.91837545,1022.697114
225.3309295,5.553673769,49.93921739,1251.414472
242.3334988,6.404194072,49.91404221,1551.950756
205.2656736,3.8420561,49.88912807,788.6422333
214.4235282,4.24051093,49.92979507,909.2653149
217.1790439,3.854100765,49.95396151,837.0299191
225.9078577,4.867885147,50.12571054,1099.693505
202.8029742,4.394775333,49.8008671,891.2735084
229.279122,5.351452136,49.79748158,1226.976247
217.1126254,5.6841514,49.94116396,1234.101034
213.8750039,5.191192094,50.10153526,1110.26623
226.0717303,5.178747567,50.01552927,1170.768423
207.9431984,5.771331525,50.07663422,1200.109136
225.1148117,4.077934149,49.85192948,918.0033782
217.3224756,5.326524675,49.84315252,1157.573529
214.6616114,3.87745316,49.99638007,832.3403435
219.2956293,5.578270504,50.00572275,1223.29034
221.2677365,3.815136917,50.04755371,844.16671
211.2522258,6.327561581,49.91438155,1336.711468
210.4293548,6.477882505,49.93639075,1363.136636
208.664965,3.218793125,49.98902692,671.6493549
227.1663309,5.259422338,50.05973704,1194.763675
235.4040307,4.948116033,49.92841975,1164.806458
218.3013426,5.7374597,50.02166833,1252.495156
216.7978372,3.762309168,49.92520948,815.6604907
197.1351078,5.317229798,50.04724594,1048.21267
210.580365,4.612509783,50.11297871,971.3039935
212.5444514,5.954859829,50.02778529,1265.672415
216.9487879,3.940901067,49.96702124,854.9737099
195.6766046,5.409301534,50.01037319,1058.473757
205.0761424,5.26530159,50.03041064,1079.787738
216.4392333,3.448261392,49.96461281,746.3390519
240.5094123,4.221059284,50.14630351,1015.204488
215.7365943,2.78851457,49.99311405,601.5846367
224.2176317,4.166069715,50.1256826,934.106285
212.0112139,3.634471602,50.27426716,770.5487361
223.2472636,5.410862846,49.96106125,1207.960324
220.016455,3.939157032,49.76057121,866.6793659
207.5639228,5.821822312,49.94886874,1208.400277
199.0868613,4.288079782,50.05265097,853.700345
205.3784483,4.035804097,50.00245426,828.8671829
219.2477391,4.783047792,50.06277763,1048.672414
225.898837,4.481518999,49.94489872,1012.36993
227.2823889,4.748591691,49.86645983,1079.271263
226.1200629,4.732810053,49.86551858,1070.183307
222.6594435,4.55988904,50.0725978,1015.302356
214.1519638,6.521032581,50.00544879,1396.491933
224.3965573,4.14815634,49.90049717,930.832002
216.4114703,4.087935838,49.83826209,884.6762052
210.9053035,6.422539458,50.09883161,1354.547634
226.7289216,6.188216835,50.10739981,1403.047729
233.2530681,7.916323224,49.9800669,1846.50668
224.2928338,3.703042216,49.9417623,830.5658322
224.1343307,4.623806702,50.1705707,1036.35382
200.2529067,5.119317288,49.9223487,1025.158167
210.6875369,4.312959969,49.7981543,908.6869127
236.4212748,6.365653893,50.1452289,1504.976009
222.8034599,4.698602914,49.97606339,1046.864986
218.0605644,4.652471764,49.88081996,1014.520619
209.9927046,6.264656593,50.03453068,1315.532181
219.0931077,3.8307653,50.04168105,839.2942742
227.2036121,4.06755179,50.01573013,924.162459
229.4704366,5.02877509,50.15222004,1153.955215
228.7756358,3.938710274,50.02957428,901.0809472
213.6782891,5.835576102,49.93888489,1246.935918
210.2097126,5.800828628,49.89974811,1219.390519
202.3418322,4.804904285,50.08165479,972.2331368
219.5996595,4.127365955,49.73081188,906.3681585
222.1171417,5.451402364,49.98139658,1210.849912
223.9127861,5.319404286,49.84087928,1191.082634
225.5854734,6.381292682,49.94103398,1439.52693
203.7052776,4.591058259,50.13099716,935.2227974
224.9965989,5.216150523,49.94777444,1173.616127
219.8510001,5.412860438,49.98522504,1190.022781
224.3003396,6.024558999,49.92606534,1351.31063
211.9727159,3.845247093,49.99108819,815.0874696
215.8491285,5.89740731,50.07714029,1272.950228
218.9691391,4.206795908,50.07987534,921.1584784
202.9653164,5.439635771,49.91018902,1104.057395
208.0278309,5.155075981,50.03447863,1072.399275
219.0247716,4.06087286,50.03172886,889.4317507
223.1166126,3.233694408,49.88075118,721.4909424
227.8122779,4.943241387,50.02242359,1126.13108
224.9321357,5.0622898,49.97556352,1138.671656
217.0354245,6.102506059,50.05152184,1324.459993
220.8774097,3.796633801,50.00750324,838.5906396
210.6897168,4.50473257,49.98331553,949.1008296
240.8040364,3.117919686,49.98886147,750.8076453
221.8550544,3.701219549,49.84228717,821.1342645
233.9016854,5.734040696,49.94144728,1341.201783
215.0124455,5.415757982,50.08354723,1164.455368
198.8126148,4.369429025,50.12508206,868.6976097
215.4075678,4.673351102,50.14043427,1006.675194
243.7385654,4.054214288,50.12066627,988.1683742
212.1890026,6.153794614,50.13300584,1305.767541
235.3347401,4.157805416,49.79369057,978.4760571
246.6151515,3.352847777,50.18665314,826.8630624
236.3432942,5.551708566,50.03438279,1312.109091
240.3466287,4.109625718,49.93181844,987.7346866
234.4478106,5.176528758,50.01750809,1213.625834
205.7005375,4.9652755,49.9913971,1021.359839
226.4786675,5.689026943,50.03816586,1288.443241
229.1346054,5.820341481,49.9208589,1333.641648
223.068303,4.373635414,50.05670382,975.6194298
231.8852405,3.156338158,50.05609651,731.9082328
213.9274522,4.784127508,50.11110006,1023.456209
212.7625412,5.531008709,49.97232318,1176.791468
214.7284444,4.990123443,49.94679217,1071.521444
228.2279366,4.851866714,49.77647616,1107.331528
238.4655314,4.788207183,50.0896972,1141.82237
214.0447257,6.425388946,50.11148951,1375.320615
220.5293931,5.174891857,49.98934222,1141.215761
227.5973775,4.995439832,50.07421287,1136.949005
219.9061443,5.830983536,50.04458006,1282.269107
